Country/Region/Superregion,Region,Superregion,2021 Expenditure,2050 Base Expenditure,Total % change 2021–2050 base scenario (95% CI),2050 WHO Expenditure,Total % change 2021–2050 WHO target (95% CI)
Global,NA,NA,168.099 (133.799-202.399),174.857 (137.42-212.295),4% (-23–40%),500.613 (389.168-612.058),198% (120–303%)
"Central Europe, Eastern Europe, and Central Asia",NA,"Central Europe, Eastern Europe, and Central Asia",1.958 (0.665-3.251),1.733 (0.61-2.856),-12% (-65–123%),29.659 (21.695-37.623),1415% (643–2989%)
Central Asia,Central Asia,"Central Europe, Eastern Europe, and Central Asia",0.144 (0.01-0.29),0.187 (0.01-0.378),30% (-69–446%),6.127 (3.989-8.266),4146% (1355–12292%)
Armenia,Central Asia,"Central Europe, Eastern Europe, and Central Asia",0.03 (0.01-0.072),0.03 (0.01-0.076),1% (-88–731%),0.147 (0.023-0.27),396% (-6–2528%)
Azerbaijan,Central Asia,"Central Europe, Eastern Europe, and Central Asia",0.007 (0.01-0.034),0.008 (0.01-0.043),19% (-100–34593%),0.732 (0.193-1.27),10376% (102–543368%)
Georgia,Central Asia,"Central Europe, Eastern Europe, and Central Asia",0.002 (0.01-0.012),0.002 (0.01-0.011),-3% (-100–63011%),0.181 (0.037-0.325),8456% (-35–1123925%)
Kazakhstan,Central Asia,"Central Europe, Eastern Europe, and Central Asia",0.017 (0.01-0.09),0.022 (0.01-0.103),24% (-100–34535%),1.916 (0.822-3.01),10921% (66–730833%)
Kyrgyzstan,Central Asia,"Central Europe, Eastern Europe, and Central Asia",0.002 (0.01-0.013),0.002 (0.01-0.015),37% (-100–1181116%),0.229 (0.01-0.549),14486% (-88–17970609%)
Mongolia,Central Asia,"Central Europe, Eastern Europe, and Central Asia",0.002 (0.01-0.009),0.002 (0.01-0.014),35% (-100–82969%),0.212 (0.03-0.394),11982% (41–1033799%)
Tajikistan,Central Asia,"Central Europe, Eastern Europe, and Central Asia",0.002 (0.01-0.02),0.004 (0.01-0.028),53% (-100–4825418%),0.356 (0.01-0.872),15302% (-94–40707209%)
Turkmenistan,Central Asia,"Central Europe, Eastern Europe, and Central Asia",0.067 (0.01-0.153),0.097 (0.01-0.227),45% (-77–820%),0.504 (0.177-0.831),650% (78–3064%)
Uzbekistan,Central Asia,"Central Europe, Eastern Europe, and Central Asia",0.015 (0.01-0.09),0.02 (0.01-0.114),31% (-100–103707%),1.85 (0.256-3.444),11869% (-10–1593994%)
Central Europe,Central Europe,"Central Europe, Eastern Europe, and Central Asia",1.498 (0.352-2.644),1.275 (0.293-2.258),-15% (-71–152%),8.598 (6.37-10.826),474% (156–1188%)
Albania,Central Europe,"Central Europe, Eastern Europe, and Central Asia",0.002 (0.01-0.008),0.002 (0.01-0.008),5% (-100–45215%),0.15 (0.029-0.271),9673% (19–803163%)
Bosnia and Herzegovina,Central Europe,"Central Europe, Eastern Europe, and Central Asia",0.037 (0.01-0.091),0.032 (0.01-0.079),-13% (-89–614%),0.155 (0.031-0.279),323% (-22–2190%)
Bulgaria,Central Europe,"Central Europe, Eastern Europe, and Central Asia",0.005 (0.01-0.026),0.004 (0.01-0.019),-25% (-100–16665%),0.354 (0.135-0.574),6473% (32–327584%)
Croatia,Central Europe,"Central Europe, Eastern Europe, and Central Asia",0.088 (0.01-0.208),0.072 (0.01-0.174),-19% (-89–493%),0.334 (0.125-0.543),280% (-15–1611%)
Czechia,Central Europe,"Central Europe, Eastern Europe, and Central Asia",0.234 (0.01-0.534),0.207 (0.01-0.472),-11% (-86–442%),1.025 (0.479-1.572),338% (9–1657%)
Hungary,Central Europe,"Central Europe, Eastern Europe, and Central Asia",0.134 (0.01-0.298),0.114 (0.01-0.254),-15% (-85–381%),0.622 (0.292-0.953),364% (22–1660%)
Montenegro,Central Europe,"Central Europe, Eastern Europe, and Central Asia",0 (0.01-0.002),0 (0.01-0.002),-5% (-100–26172%),0.04 (0.013-0.068),8563% (67–449736%)
North Macedonia,Central Europe,"Central Europe, Eastern Europe, and Central Asia",0.001 (0.01-0.007),0.001 (0.01-0.007),-1% (-100–52680%),0.119 (0.027-0.212),8612% (-4–791315%)
Poland,Central Europe,"Central Europe, Eastern Europe, and Central Asia",0.811 (0.01-1.883),0.685 (0.01-1.602),-15% (-87–454%),3.304 (1.41-5.198),307% (-4–1620%)
Romania,Central Europe,"Central Europe, Eastern Europe, and Central Asia",0.019 (0.01-0.089),0.015 (0.01-0.072),-20% (-100–16309%),1.325 (0.529-2.121),6924% (59–310128%)
Serbia,Central Europe,"Central Europe, Eastern Europe, and Central Asia",0.006 (0.01-0.03),0.005 (0.01-0.027),-12% (-100–22996%),0.499 (0.145-0.854),7895% (55–413207%)
Slovakia,Central Europe,"Central Europe, Eastern Europe, and Central Asia",0.107 (0.01-0.247),0.093 (0.01-0.215),-13% (-86–450%),0.458 (0.207-0.709),327% (4–1653%)
Slovenia,Central Europe,"Central Europe, Eastern Europe, and Central Asia",0.053 (0.01-0.124),0.044 (0.01-0.103),-17% (-87–450%),0.212 (0.094-0.329),299% (-6–1601%)
Eastern Europe,Eastern Europe,"Central Europe, Eastern Europe, and Central Asia",0.316 (0.01-0.896),0.27 (0.01-0.779),-14% (-94–1086%),14.934 (7.593-22.275),4626% (607–31496%)
Belarus,Eastern Europe,"Central Europe, Eastern Europe, and Central Asia",0.008 (0.01-0.04),0.007 (0.01-0.034),-16% (-100–20691%),0.614 (0.203-1.025),7437% (47–387349%)
Estonia,Eastern Europe,"Central Europe, Eastern Europe, and Central Asia",0.03 (0.01-0.068),0.027 (0.01-0.061),-10% (-85–441%),0.131 (0.059-0.203),337% (9–1655%)
Latvia,Eastern Europe,"Central Europe, Eastern Europe, and Central Asia",0.039 (0.01-0.091),0.027 (0.01-0.063),-32% (-90–359%),0.128 (0.052-0.204),228% (-24–1315%)
Lithuania,Eastern Europe,"Central Europe, Eastern Europe, and Central Asia",0.065 (0.01-0.15),0.057 (0.01-0.131),-14% (-86–448%),0.271 (0.119-0.422),313% (1–1593%)
Republic of Moldova,Eastern Europe,"Central Europe, Eastern Europe, and Central Asia",0.002 (0.01-0.011),0.002 (0.01-0.009),-12% (-100–100236%),0.149 (0.004-0.294),8386% (-47–1363141%)
Russian Federation,Eastern Europe,"Central Europe, Eastern Europe, and Central Asia",0.149 (0.01-0.709),0.134 (0.01-0.626),-10% (-100–17029%),11.968 (4.802-19.133),7916% (80–357620%)
Ukraine,Eastern Europe,"Central Europe, Eastern Europe, and Central Asia",0.022 (0.01-0.124),0.018 (0.01-0.106),-20% (-100–66104%),1.673 (0.149-3.197),7426% (-28–784055%)
High-income,NA,High-income,129.381 (98.186-160.577),136.998 (102.402-171.594),6% (-25–50%),148.086 (113.359-182.812),14% (-18–60%)
Australasia,Australasia,High-income,4.588 (2.726-6.449),5.74 (3.389-8.092),25% (-30–123%),6.273 (3.9-8.646),37% (-21–138%)
Australia,Australasia,High-income,4.461 (2.607-6.315),5.604 (3.259-7.949),26% (-30–127%),5.604 (3.259-7.949),26% (-30–127%)
New Zealand,Australasia,High-income,0.127 (0.01-0.288),0.136 (0.01-0.312),8% (-82–556%),0.669 (0.306-1.032),428% (33–1999%)
High-income Asia Pacific,High-income Asia Pacific,High-income,10.688 (7.007-14.369),9.13 (6.116-12.144),-15% (-47–38%),10.629 (7.546-13.713),-1% (-37–56%)
Brunei Darussalam,High-income Asia Pacific,High-income,0.001 (0.01-0.004),0.001 (0.01-0.005),29% (-99–19290%),0.096 (0.053-0.139),10958% (183–431452%)
Japan,High-income Asia Pacific,High-income,8.366 (4.847-11.886),6.654 (3.888-9.419),-20% (-56–44%),6.654 (3.888-9.419),-20% (-56–44%)
Republic of Korea,High-income Asia Pacific,High-income,2.072 (1.034-3.11),2.124 (1.003-3.245),3% (-50–112%),2.124 (1.003-3.245),3% (-50–112%)
Singapore,High-income Asia Pacific,High-income,0.249 (0.01-0.545),0.351 (0.01-0.779),41% (-74–673%),1.756 (0.981-2.531),605% (98–2409%)
High-income North America,High-income North America,High-income,71.069 (41.273-100.866),78.272 (44.874-111.671),10% (-39–100%),78.284 (44.886-111.683),10% (-39–100%)
Canada,High-income North America,High-income,5.231 (2.503-7.96),6.04 (2.9-9.18),15% (-45–141%),6.04 (2.9-9.18),15% (-45–141%)
Greenland,High-income North America,High-income,0 (0.01-0.001),0 (0.01-0.001),10% (-99–13024%),0.012 (0.007-0.018),8913% (184–286112%)
United States of America,High-income North America,High-income,65.838 (36.167-95.51),72.232 (38.981-105.483),10% (-42–109%),72.232 (38.981-105.483),10% (-42–109%)
Southern Latin America,Southern Latin America,High-income,0.724 (0.01-1.581),0.965 (0.01-2.232),33% (-77–681%),7.162 (4.08-10.244),889% (181–3388%)
Argentina,Southern Latin America,High-income,0.632 (0.01-1.479),0.86 (0.01-2.117),36% (-81–889%),4.12 (1.264-6.975),552% (44–2849%)
Chile,Southern Latin America,High-income,0.027 (0.01-0.121),0.032 (0.01-0.145),17% (-99–15695%),2.697 (1.562-3.832),9715% (216–305094%)
Uruguay,Southern Latin America,High-income,0.065 (0.01-0.157),0.073 (0.01-0.181),13% (-86–786%),0.346 (0.105-0.586),436% (9–2533%)
Western Europe,Western Europe,High-income,42.313 (34.093-50.532),42.89 (34.816-50.965),1% (-23–33%),45.737 (37.626-53.849),8% (-17–41%)
Andorra,Western Europe,High-income,0.01 (0.005-0.015),0.008 (0.004-0.012),-21% (-63–68%),0.008 (0.004-0.012),-21% (-63–68%)
Austria,Western Europe,High-income,1.016 (0.502-1.53),0.978 (0.48-1.477),-4% (-53–97%),0.978 (0.48-1.477),-4% (-53–97%)
Belgium,Western Europe,High-income,1.416 (0.624-2.208),1.588 (0.719-2.458),12% (-49–145%),1.588 (0.719-2.458),12% (-49–145%)
Cyprus,Western Europe,High-income,0.002 (0.01-0.007),0.002 (0.01-0.007),1% (-99–14789%),0.136 (0.064-0.208),8716% (141–322524%)
Denmark,Western Europe,High-income,0.893 (0.364-1.423),0.929 (0.383-1.474),4% (-55–140%),0.929 (0.383-1.474),4% (-55–140%)
Finland,Western Europe,High-income,0.158 (0.01-0.366),0.163 (0.01-0.378),3% (-84–565%),0.782 (0.374-1.19),395% (20–1936%)
France,Western Europe,High-income,5.789 (3.21-8.367),6.099 (3.398-8.799),5% (-44–97%),6.099 (3.398-8.799),5% (-44–97%)
Germany,Western Europe,High-income,13.491 (7.362-19.62),12.945 (7.061-18.828),-4% (-50–82%),12.945 (7.061-18.828),-4% (-50–82%)
Greece,Western Europe,High-income,0.172 (0.01-0.397),0.149 (0.01-0.347),-13% (-87–461%),0.744 (0.302-1.186),333% (3–1725%)
Iceland,Western Europe,High-income,0.04 (0.02-0.06),0.045 (0.022-0.068),13% (-45–132%),0.045 (0.022-0.068),13% (-45–132%)
Ireland,Western Europe,High-income,0.158 (0.01-0.341),0.186 (0.01-0.399),18% (-77–498%),1.013 (0.559-1.468),541% (86–2108%)
Israel,Western Europe,High-income,0.911 (0.428-1.393),1.357 (0.639-2.076),49% (-30–215%),1.357 (0.639-2.076),49% (-30–215%)
Italy,Western Europe,High-income,4.427 (1.264-7.591),3.803 (1.086-6.521),-14% (-69–136%),3.803 (1.086-6.521),-14% (-69–136%)
Luxembourg,Western Europe,High-income,0.126 (0.065-0.186),0.145 (0.076-0.213),15% (-41–126%),0.145 (0.076-0.213),15% (-41–126%)
Malta,Western Europe,High-income,0.011 (0.01-0.023),0.01 (0.01-0.021),-9% (-84–414%),0.049 (0.025-0.073),364% (23–1645%)
Monaco,Western Europe,High-income,0 (0.01-0.001),NA (NA-NA),NA% (NA–NA%),NA (NA-NA),NA% (NA–NA%)
Netherlands,Western Europe,High-income,2.022 (1.006-3.038),1.961 (1.003-2.918),-3% (-52–95%),1.961 (1.003-2.918),-3% (-52–95%)
Norway,Western Europe,High-income,0.931 (0.442-1.419),1.141 (0.54-1.742),23% (-42–158%),1.141 (0.54-1.742),23% (-42–158%)
Portugal,Western Europe,High-income,0.193 (0.01-0.437),0.157 (0.01-0.359),-18% (-87–393%),0.789 (0.347-1.231),309% (3–1532%)
San Marino,Western Europe,High-income,0.004 (0.002-0.007),NA (NA-NA),NA% (NA–NA%),NA (NA-NA),NA% (NA–NA%)
Spain,Western Europe,High-income,2.476 (1.35-3.601),2.222 (1.227-3.217),-10% (-53–70%),2.222 (1.227-3.217),-10% (-53–70%)
Sweden,Western Europe,High-income,2.47 (1.412-3.527),2.812 (1.645-3.98),14% (-37–107%),2.812 (1.645-3.98),14% (-37–107%)
Switzerland,Western Europe,High-income,1.543 (0.852-2.234),1.676 (0.941-2.411),9% (-42–103%),1.676 (0.941-2.411),9% (-42–103%)
United Kingdom,Western Europe,High-income,4.055 (1.297-6.814),4.515 (1.394-7.636),11% (-58–194%),4.515 (1.394-7.636),11% (-58–194%)
Latin America and Caribbean,NA,Latin America and Caribbean,3.229 (0.524-5.934),3.595 (0.763-6.428),11% (-65–252%),43.491 (31.528-55.454),1247% (458–3152%)
Andean Latin America,Andean Latin America,Latin America and Caribbean,0.033 (0.01-0.128),0.045 (0.01-0.179),40% (-98–8858%),4.241 (1.859-6.623),12927% (549–261259%)
Bolivia (Plurinational State of),Andean Latin America,Latin America and Caribbean,0.004 (0.01-0.027),0.007 (0.01-0.05),73% (-100–566625%),0.683 (0.01-1.418),16481% (-38–4405857%)
Ecuador,Andean Latin America,Latin America and Caribbean,0.009 (0.01-0.06),0.011 (0.01-0.065),24% (-100–181717%),1.035 (0.075-1.994),11237% (-60–3181051%)
Peru,Andean Latin America,Latin America and Caribbean,0.019 (0.01-0.097),0.027 (0.01-0.142),40% (-100–49514%),2.523 (0.471-4.575),12967% (110–812201%)
Caribbean,Caribbean,Latin America and Caribbean,0.22 (0.01-0.443),0.212 (0.011-0.414),-3% (-76–289%),2.6 (1.553-3.647),1084% (296–3438%)
Antigua and Barbuda,Caribbean,Latin America and Caribbean,0.002 (0.01-0.004),0.002 (0.01-0.005),13% (-85–771%),0.009 (0.003-0.015),435% (11–2482%)
Bahamas,Caribbean,Latin America and Caribbean,0.009 (0.01-0.02),0.01 (0.01-0.025),19% (-83–737%),0.047 (0.018-0.076),456% (27–2327%)
Barbados,Caribbean,Latin America and Caribbean,0.004 (0.01-0.011),0.004 (0.01-0.011),0% (-89–859%),0.02 (0.003-0.037),372% (-22–2762%)
Belize,Caribbean,Latin America and Caribbean,0.004 (0.01-0.01),0.006 (0.01-0.016),59% (-85–1627%),0.028 (0-0.056),682% (13–5310%)
Bermuda,Caribbean,Latin America and Caribbean,0 (0.01-0.001),0 (0.01-0.001),-11% (-99–14539%),0.013 (0.006-0.02),7456% (85–309080%)
Cuba,Caribbean,Latin America and Caribbean,0.117 (0.01-0.328),0.1 (0.01-0.283),-15% (-93–1009%),0.472 (0.01-0.968),303% (-50–3133%)
Dominica,Caribbean,Latin America and Caribbean,0.001 (0.01-0.002),0.001 (0.01-0.002),16% (-89–1112%),0.004 (0-0.008),456% (-17–3641%)
Dominican Republic,Caribbean,Latin America and Caribbean,0.009 (0.01-0.042),0.01 (0.01-0.049),15% (-100–27589%),0.902 (0.259-1.545),10316% (105–530352%)
Grenada,Caribbean,Latin America and Caribbean,0.001 (0.01-0.003),0.002 (0.01-0.004),20% (-86–951%),0.007 (0.001-0.014),471% (2–3102%)
Guyana,Caribbean,Latin America and Caribbean,0.001 (0.01-0.003),0.001 (0.01-0.004),18% (-100–30588%),0.068 (0.024-0.112),10142% (67–626728%)
Haiti,Caribbean,Latin America and Caribbean,0.002 (0.01-0.021),0.003 (0.01-0.026),32% (-100–19481808%),0.316 (0.01-0.908),14685% (-98–113619615%)
Jamaica,Caribbean,Latin America and Caribbean,0.025 (0.01-0.067),0.027 (0.01-0.076),8% (-91–1187%),0.127 (0.01-0.261),411% (-30–3638%)
Puerto Rico,Caribbean,Latin America and Caribbean,0.005 (0.01-0.022),0.004 (0.01-0.021),-11% (-100–20394%),0.371 (0.14-0.602),7872% (91–332598%)
Saint Kitts and Nevis,Caribbean,Latin America and Caribbean,0.001 (0.01-0.003),NA (NA-NA),NA% (NA–NA%),NA (NA-NA),NA% (NA–NA%)
Saint Lucia,Caribbean,Latin America and Caribbean,0.002 (0.01-0.006),0.002 (0.01-0.007),13% (-89–1043%),0.012 (0.001-0.022),435% (-16–3320%)
Saint Vincent and the Grenadines,Caribbean,Latin America and Caribbean,0.001 (0.01-0.004),0.001 (0.01-0.003),-4% (-90–774%),0.006 (0.001-0.012),359% (-22–2609%)
Suriname,Caribbean,Latin America and Caribbean,0.007 (0.01-0.017),0.008 (0.01-0.021),21% (-87–989%),0.04 (0.006-0.074),488% (0–3376%)
Trinidad and Tobago,Caribbean,Latin America and Caribbean,0.03 (0.01-0.07),0.031 (0.01-0.077),6% (-86–679%),0.146 (0.049-0.244),395% (7–2181%)
United States Virgin Islands,Caribbean,Latin America and Caribbean,0 (0.01-0.001),0 (0.01-0.001),3% (-100–22782%),0.011 (0.004-0.018),8866% (95–413083%)
Central Latin America,Central Latin America,Latin America and Caribbean,0.576 (0.01-1.188),0.87 (0.01-1.804),51% (-67–585%),21.363 (11.043-31.683),3610% (1054–11831%)
Colombia,Central Latin America,Latin America and Caribbean,0.034 (0.01-0.177),0.048 (0.01-0.261),39% (-100–63778%),4.296 (0.737-7.855),12465% (79–881102%)
Costa Rica,Central Latin America,Latin America and Caribbean,0.071 (0.01-0.174),0.092 (0.01-0.235),30% (-85–986%),0.436 (0.101-0.771),515% (19–3073%)
El Salvador,Central Latin America,Latin America and Caribbean,0.003 (0.01-0.017),0.003 (0.01-0.017),-1% (-100–125679%),0.274 (0-0.547),9550% (-36–1464669%)
Guatemala,Central Latin America,Latin America and Caribbean,0.121 (0.01-0.316),0.23 (0.01-0.638),90% (-83–1989%),1.103 (0.01-2.226),812% (35–6045%)
Honduras,Central Latin America,Latin America and Caribbean,0.003 (0.01-0.027),0.005 (0.01-0.036),66% (-100–4481681%),0.498 (0.01-1.136),16554% (-95–61369320%)
Mexico,Central Latin America,Latin America and Caribbean,0.103 (0.01-0.519),0.139 (0.01-0.722),35% (-100–44763%),12.784 (3.366-22.202),12296% (106–747182%)
Nicaragua,Central Latin America,Latin America and Caribbean,0.002 (0.01-0.014),0.003 (0.01-0.022),45% (-100–787135%),0.292 (0.01-0.661),13987% (-68–6169575%)
Panama,Central Latin America,Latin America and Caribbean,0.076 (0.01-0.179),0.11 (0.01-0.26),44% (-79–890%),0.53 (0.192-0.867),597% (56–3021%)
Venezuela (Bolivarian Republic of),Central Latin America,Latin America and Caribbean,0.163 (0.01-0.512),0.24 (0.01-0.767),47% (-93–3063%),1.151 (0.01-2.892),606% (-49–9632%)
Tropical Latin America,Tropical Latin America,Latin America and Caribbean,2.401 (0.01-5.024),2.468 (0.01-5.131),3% (-78–377%),15.287 (9.824-20.75),537% (102–1910%)
Brazil,Tropical Latin America,Latin America and Caribbean,2.397 (0.01-5.02),2.462 (0.01-5.125),3% (-78–378%),14.773 (9.327-20.218),516% (94–1855%)
Paraguay,Tropical Latin America,Latin America and Caribbean,0.004 (0.01-0.021),0.006 (0.01-0.03),47% (-100–79920%),0.515 (0.079-0.95),13512% (37–1348025%)
North Africa and Middle East,NA,North Africa and Middle East,3.032 (0.987-5.078),3.914 (1.11-6.718),29% (-52–245%),53.864 (41.008-66.72),1676% (769–3532%)
North Africa and Middle East,North Africa and Middle East,North Africa and Middle East,3.032 (0.987-5.078),3.914 (1.11-6.718),29% (-52–245%),53.864 (41.008-66.72),1676% (769–3532%)
Afghanistan,North Africa and Middle East,North Africa and Middle East,0.003 (0.01-0.045),0.008 (0.01-0.079),186% (-100–9024526101%),0.98 (0.01-3.573),34227% (-100–132202483529%)
Algeria,North Africa and Middle East,North Africa and Middle East,0.026 (0.01-0.134),0.039 (0.01-0.219),50% (-100–75378%),3.492 (0.712-6.272),13369% (94–934361%)
Bahrain,North Africa and Middle East,North Africa and Middle East,0.043 (0.01-0.097),0.068 (0.01-0.156),59% (-74–867%),0.332 (0.164-0.5),676% (99–2929%)
Egypt,North Africa and Middle East,North Africa and Middle East,0.058 (0.01-0.323),0.082 (0.01-0.442),42% (-100–80228%),7.595 (1.287-13.902),13016% (24–1384376%)
Iran (Islamic Republic of),North Africa and Middle East,North Africa and Middle East,1.158 (0.01-2.713),1.482 (0.01-3.657),28% (-82–836%),7.166 (1.843-12.488),519% (33–2773%)
Iraq,North Africa and Middle East,North Africa and Middle East,0.022 (0.01-0.127),0.048 (0.01-0.281),117% (-100–180071%),4.363 (0.78-7.945),19471% (68–2276456%)
Jordan,North Africa and Middle East,North Africa and Middle East,0.006 (0.01-0.033),0.009 (0.01-0.051),57% (-100–145328%),0.821 (0.07-1.572),14429% (0–2100443%)
Kuwait,North Africa and Middle East,North Africa and Middle East,0.156 (0.01-0.349),0.204 (0.01-0.474),30% (-79–698%),0.964 (0.452-1.477),517% (62–2261%)
Lebanon,North Africa and Middle East,North Africa and Middle East,0.05 (0.01-0.132),0.118 (0.01-0.321),138% (-78–2445%),0.577 (0.016-1.138),1057% (71–7712%)
Libya,North Africa and Middle East,North Africa and Middle East,0.005 (0.01-0.024),0.007 (0.01-0.037),51% (-100–51137%),0.641 (0.162-1.119),13493% (124–823974%)
Morocco,North Africa and Middle East,North Africa and Middle East,0.018 (0.01-0.103),0.022 (0.01-0.136),27% (-100–142020%),2.128 (0.01-4.28),11993% (-15–1717072%)
Oman,North Africa and Middle East,North Africa and Middle East,0.006 (0.01-0.029),0.012 (0.01-0.055),89% (-99–33087%),1.007 (0.476-1.538),16053% (301–650557%)
Palestine,North Africa and Middle East,North Africa and Middle East,0.001 (0.01-0.011),0.003 (0.01-0.02),89% (-100–4238904%),0.239 (0.01-0.55),17569% (-91–34609540%)
Qatar,North Africa and Middle East,North Africa and Middle East,0.011 (0.01-0.05),0.014 (0.01-0.061),26% (-99–17084%),1.15 (0.622-1.678),10367% (202–362887%)
Saudi Arabia,North Africa and Middle East,North Africa and Middle East,0.912 (0.01-1.993),1.257 (0.01-2.774),38% (-75–648%),6.308 (3.255-9.362),592% (92–2387%)
Sudan,North Africa and Middle East,North Africa and Middle East,0.008 (0.01-0.078),0.016 (0.01-0.14),94% (-100–22864747%),1.546 (0.01-4.051),18924% (-97–126378985%)
Syrian Arab Republic,North Africa and Middle East,North Africa and Middle East,0.003 (0.01-0.032),0.005 (0.01-0.043),63% (-100–27296732%),0.498 (0.01-1.26),16027% (-99–218208269%)
Tunisia,North Africa and Middle East,North Africa and Middle East,0.006 (0.01-0.032),0.008 (0.01-0.046),28% (-100–86998%),0.73 (0.064-1.397),11798% (50–943633%)
Türkiye,North Africa and Middle East,North Africa and Middle East,0.09 (0.01-0.421),0.121 (0.01-0.573),34% (-99–25460%),10.641 (4.119-17.164),11730% (185–491168%)
United Arab Emirates,North Africa and Middle East,North Africa and Middle East,0.446 (0.01-1.015),0.384 (0.01-0.876),-14% (-86–424%),1.804 (0.933-2.675),304% (3–1480%)
Yemen,North Africa and Middle East,North Africa and Middle East,0.005 (0.01-0.06),0.007 (0.01-0.06),58% (-100–276966012%),0.881 (0.01-2.686),19398% (-100–5026126700%)
South Asia,NA,South Asia,0.872 (0.01-4.983),1.124 (0.01-5.994),29% (-100–77823%),109.944 (10.43-209.458),12511% (4–1535411%)
South Asia,South Asia,South Asia,0.872 (0.01-4.983),1.124 (0.01-5.994),29% (-100–77823%),109.944 (10.43-209.458),12511% (4–1535411%)
Bangladesh,South Asia,South Asia,0.065 (0.01-0.41),0.087 (0.01-0.615),34% (-100–444709%),8.643 (0.01-20.112),13251% (-45–3244662%)
Bhutan,South Asia,South Asia,0 (0.01-0.003),0.001 (0.01-0.005),82% (-100–162154%),0.085 (0-0.171),17661% (58–1995711%)
India,South Asia,South Asia,0.701 (0.01-4.75),0.876 (0.01-5.627),25% (-100–343090%),85.187 (0.01-182.149),12045% (-66–4356148%)
Nepal,South Asia,South Asia,0.008 (0.01-0.08),0.01 (0.01-0.085),34% (-100–24322214%),1.061 (0.01-2.705),13966% (-99–225144980%)
Pakistan,South Asia,South Asia,0.098 (0.01-0.724),0.15 (0.01-1.08),54% (-100–1144634%),14.967 (0.01-34.13),15232% (-78–10631315%)
"Southeast Asia, East Asia, and Oceania",NA,"Southeast Asia, East Asia, and Oceania",28.954 (15.813-42.095),26.348 (13.619-39.076),-9% (-53–77%),66.228 (44.352-88.104),129% (30–301%)
East Asia,East Asia,"Southeast Asia, East Asia, and Oceania",28.562 (15.448-41.676),25.872 (13.183-38.562),-9% (-54–77%),26.242 (13.528-38.956),-8% (-53–79%)
China,East Asia,"Southeast Asia, East Asia, and Oceania",26.45 (13.391-39.509),23.828 (11.195-36.461),-10% (-56–86%),23.828 (11.195-36.461),-10% (-56–86%)
Democratic People's Republic of Korea,East Asia,"Southeast Asia, East Asia, and Oceania",0.003 (0.01-0.044),0.003 (0.01-0.031),0% (-100–747703437%),0.373 (0.01-1.171),11747% (-100–6214575338%)
Taiwan (Province of China),East Asia,"Southeast Asia, East Asia, and Oceania",2.109 (0.908-3.31),2.041 (0.843-3.24),-3% (-57–119%),2.041 (0.843-3.24),-3% (-57–119%)
Oceania,Oceania,"Southeast Asia, East Asia, and Oceania",0.028 (0.01-0.097),0.046 (0.01-0.162),63% (-95–5114%),0.292 (0.01-0.781),926% (-45–19059%)
American Samoa,Oceania,"Southeast Asia, East Asia, and Oceania",0 (0.01-0),0 (0.01-0),71% (-100–70514%),0.005 (0.001-0.009),15790% (119–1151241%)
Cook Islands,Oceania,"Southeast Asia, East Asia, and Oceania",0 (0.01-0),NA (NA-NA),NA% (NA–NA%),NA (NA-NA),NA% (NA–NA%)
Fiji,Oceania,"Southeast Asia, East Asia, and Oceania",0.004 (0.01-0.012),0.005 (0.01-0.015),25% (-89–1342%),0.032 (0.01-0.066),627% (-6–5540%)
Guam,Oceania,"Southeast Asia, East Asia, and Oceania",0 (0.01-0.001),0 (0.01-0.001),32% (-100–41345%),0.015 (0.006-0.024),11255% (75–737059%)
Kiribati,Oceania,"Southeast Asia, East Asia, and Oceania",0 (0.01-0.001),0 (0.01-0.002),90% (-99–67849%),0.002 (0.01-0.008),937% (-96–251689%)
Marshall Islands,Oceania,"Southeast Asia, East Asia, and Oceania",0 (0.01-0.001),0 (0.01-0.001),41% (-95–3697%),0.001 (0.01-0.004),747% (-55–15984%)
Micronesia (Federated States of),Oceania,"Southeast Asia, East Asia, and Oceania",0 (0.01-0.001),0 (0.01-0.001),55% (-98–12322%),0.002 (0.01-0.006),781% (-82–42760%)
Nauru,Oceania,"Southeast Asia, East Asia, and Oceania",0 (0.01-0),NA (NA-NA),NA% (NA–NA%),NA (NA-NA),NA% (NA–NA%)
Niue,Oceania,"Southeast Asia, East Asia, and Oceania",0 (0.01-0),NA (NA-NA),NA% (NA–NA%),NA (NA-NA),NA% (NA–NA%)
Northern Mariana Islands,Oceania,"Southeast Asia, East Asia, and Oceania",0 (0.01-0),0 (0.01-0),7% (-100–71455%),0.002 (0-0.004),9249% (-12–996187%)
Palau,Oceania,"Southeast Asia, East Asia, and Oceania",0 (0.01-0),NA (NA-NA),NA% (NA–NA%),NA (NA-NA),NA% (NA–NA%)
Papua New Guinea,Oceania,"Southeast Asia, East Asia, and Oceania",0.021 (0.01-0.089),0.036 (0.01-0.152),73% (-98–15651%),0.209 (0.01-0.696),891% (-81–52341%)
Samoa,Oceania,"Southeast Asia, East Asia, and Oceania",0.001 (0.01-0.002),0.001 (0.01-0.004),75% (-94–4917%),0.006 (0.01-0.018),941% (-44–19218%)
Solomon Islands,Oceania,"Southeast Asia, East Asia, and Oceania",0.001 (0.01-0.006),0.002 (0.01-0.008),61% (-100–84892%),0.009 (0.01-0.038),791% (-97–272442%)
Tokelau,Oceania,"Southeast Asia, East Asia, and Oceania",0 (0.01-0),NA (NA-NA),NA% (NA–NA%),NA (NA-NA),NA% (NA–NA%)
Tonga,Oceania,"Southeast Asia, East Asia, and Oceania",0 (0.01-0.001),0.001 (0.01-0.002),63% (-94–3976%),0.003 (0.01-0.008),871% (-38–15180%)
Tuvalu,Oceania,"Southeast Asia, East Asia, and Oceania",0 (0.01-0),NA (NA-NA),NA% (NA–NA%),NA (NA-NA),NA% (NA–NA%)
Vanuatu,Oceania,"Southeast Asia, East Asia, and Oceania",0 (0.01-0),0 (0.01-0.001),75% (-100–65770861693%),0.005 (0.01-0.021),16345% (-100–3594890856%)
Southeast Asia,Southeast Asia,"Southeast Asia, East Asia, and Oceania",0.363 (0.01-1.2),0.429 (0.01-1.421),18% (-95–2989%),39.694 (21.899-57.49),10823% (946–114015%)
Cambodia,Southeast Asia,"Southeast Asia, East Asia, and Oceania",0.004 (0.01-0.03),0.006 (0.01-0.044),42% (-100–1729964%),0.578 (0.01-1.405),14403% (-83–12228376%)
Indonesia,Southeast Asia,"Southeast Asia, East Asia, and Oceania",0.176 (0.01-0.909),0.202 (0.01-1.081),15% (-100–46529%),18.96 (2.974-34.945),10646% (56–741947%)
Lao People's Democratic Republic,Southeast Asia,"Southeast Asia, East Asia, and Oceania",0.002 (0.01-0.013),0.003 (0.01-0.019),46% (-100–307060%),0.272 (0.01-0.577),13644% (-42–3280813%)
Malaysia,Southeast Asia,"Southeast Asia, East Asia, and Oceania",0.028 (0.01-0.139),0.039 (0.01-0.179),39% (-99–30591%),3.417 (1.459-5.376),12184% (118–692392%)
Maldives,Southeast Asia,"Southeast Asia, East Asia, and Oceania",0 (0.01-0.002),0 (0.01-0.003),52% (-100–58907%),0.044 (0.014-0.074),13260% (80–989778%)
Mauritius,Southeast Asia,"Southeast Asia, East Asia, and Oceania",0.001 (0.01-0.005),0.001 (0.01-0.004),-3% (-100–23987%),0.083 (0.028-0.137),8676% (58–488224%)
Myanmar,Southeast Asia,"Southeast Asia, East Asia, and Oceania",0.014 (0.01-0.125),0.017 (0.01-0.116),17% (-100–2069240%),1.662 (0.01-3.831),11542% (-96–30521064%)
Philippines,Southeast Asia,"Southeast Asia, East Asia, and Oceania",0.034 (0.01-0.245),0.048 (0.01-0.328),41% (-100–688348%),4.281 (0.01-8.788),12432% (-76–6658327%)
Seychelles,Southeast Asia,"Southeast Asia, East Asia, and Oceania",0 (0.01-0),0 (0.01-0.001),9% (-99–18665%),0.009 (0.004-0.015),9344% (159–344008%)
Sri Lanka,Southeast Asia,"Southeast Asia, East Asia, and Oceania",0.012 (0.01-0.067),0.012 (0.01-0.061),0% (-100–57412%),1.078 (0.211-1.946),9142% (-24–1118735%)
Thailand,Southeast Asia,"Southeast Asia, East Asia, and Oceania",0.053 (0.01-0.289),0.058 (0.01-0.298),9% (-100–47738%),5.108 (1.239-8.978),9513% (6–872200%)
Timor-Leste,Southeast Asia,"Southeast Asia, East Asia, and Oceania",0 (0.01-0.002),0 (0.01-0.003),60% (-100–2207378%),0.045 (0.01-0.115),16750% (-89–25964327%)
Viet Nam,Southeast Asia,"Southeast Asia, East Asia, and Oceania",0.038 (0.01-0.226),0.044 (0.01-0.251),14% (-100–106018%),4.157 (0.186-8.128),10753% (-27–1619264%)
Sub-Saharan Africa,NA,Sub-Saharan Africa,0.672 (0.01-1.429),1.146 (0.01-2.487),70% (-66–765%),49.342 (27.879-70.804),7239% (2095–24436%)
Central Sub-Saharan Africa,Central Sub-Saharan Africa,Sub-Saharan Africa,0.02 (0.01-0.157),0.041 (0.01-0.297),102% (-100–2149756%),4.239 (0.01-9.509),20988% (-79–21356261%)
Angola,Central Sub-Saharan Africa,Sub-Saharan Africa,0.009 (0.01-0.066),0.019 (0.01-0.12),106% (-100–683439%),1.892 (0.01-4.134),20355% (-60–10590321%)
Central African Republic,Central Sub-Saharan Africa,Sub-Saharan Africa,0 (0.01-0.003),0 (0.01-0.003),20% (-100–49762084%),0.047 (0.01-0.203),15857% (-100–859112213%)
Congo,Central Sub-Saharan Africa,Sub-Saharan Africa,0.001 (0.01-0.01),0.002 (0.01-0.015),41% (-100–891133%),0.197 (0.01-0.46),13700% (-69–6104575%)
Democratic Republic of the Congo,Central Sub-Saharan Africa,Sub-Saharan Africa,0.007 (0.01-0.131),0.015 (0.01-0.25),124% (-100–3525787995797%),1.757 (0.01-6.514),25311% (-100–1916692220804%)
Equatorial Guinea,Central Sub-Saharan Africa,Sub-Saharan Africa,0.001 (0.01-0.005),0.002 (0.01-0.01),100% (-99–55552%),0.188 (0.06-0.316),18058% (204–1085338%)
Gabon,Central Sub-Saharan Africa,Sub-Saharan Africa,0.001 (0.01-0.006),0.002 (0.01-0.009),46% (-100–60899%),0.158 (0.042-0.273),13277% (53–1170181%)
Eastern Sub-Saharan Africa,Eastern Sub-Saharan Africa,Sub-Saharan Africa,0.073 (0.01-0.354),0.155 (0.01-0.611),113% (-98–27731%),16.836 (4.929-28.744),23074% (351–1191707%)
Burundi,Eastern Sub-Saharan Africa,Sub-Saharan Africa,0.001 (0.01-0.016),0.002 (0.01-0.044),187% (-100–201234740261096%),0.233 (0.01-0.86),30607% (-100–10853696049198%)
Comoros,Eastern Sub-Saharan Africa,Sub-Saharan Africa,0 (0.01-0.002),0 (0.01-0.002),67% (-100–123785332%),0.022 (0.01-0.059),16902% (-100–1061595699%)
Djibouti,Eastern Sub-Saharan Africa,Sub-Saharan Africa,0 (0.01-0.003),0.001 (0.01-0.004),50% (-100–678500%),0.056 (0.01-0.123),14341% (-63–5681781%)
Eritrea,Eastern Sub-Saharan Africa,Sub-Saharan Africa,0.001 (0.01-0.007),0.001 (0.01-0.014),83% (-100–69341565%),0.139 (0.01-0.442),19462% (-98–155557967%)
Ethiopia,Eastern Sub-Saharan Africa,Sub-Saharan Africa,0.022 (0.01-0.235),0.048 (0.01-0.412),120% (-100–60550075%),5.613 (0.01-15.48),25906% (-99–604399655%)
Kenya,Eastern Sub-Saharan Africa,Sub-Saharan Africa,0.014 (0.01-0.119),0.025 (0.01-0.173),82% (-100–2378841%),2.857 (0.01-7.008),20298% (-90–41894985%)
Madagascar,Eastern Sub-Saharan Africa,Sub-Saharan Africa,0.002 (0.01-0.022),0.005 (0.01-0.051),165% (-100–249273086%),0.565 (0.01-2.283),29430% (-99–1338756457%)
Malawi,Eastern Sub-Saharan Africa,Sub-Saharan Africa,0.002 (0.01-0.04),0.004 (0.01-0.041),107% (-100–493174892720%),0.453 (0.01-1.491),22991% (-100–8650297777421%)
Mozambique,Eastern Sub-Saharan Africa,Sub-Saharan Africa,0.002 (0.01-0.023),0.006 (0.01-0.073),143% (-100–793888672%),0.602 (0.01-2.332),25795% (-98–329608818%)
Rwanda,Eastern Sub-Saharan Africa,Sub-Saharan Africa,0.001 (0.01-0.004),0.002 (0.01-0.008),105% (-100–87394%),0.128 (0.021-0.234),16835% (99–1439908%)
Somalia,Eastern Sub-Saharan Africa,Sub-Saharan Africa,0.001 (0.01-0.009),0.002 (0.01-0.014),83% (-100–21550011%),0.214 (0.01-0.874),23417% (-98–352175644%)
South Sudan,Eastern Sub-Saharan Africa,Sub-Saharan Africa,0.001 (0.01-0.007),0.003 (0.01-0.034),244% (-100–200076243%),0.304 (0.01-1.174),37480% (-84–89618559%)
Uganda,Eastern Sub-Saharan Africa,Sub-Saharan Africa,0.007 (0.01-0.12),0.015 (0.01-0.148),128% (-100–49125889457%),1.598 (0.01-4.561),23998% (-100–672797060205%)
United Republic of Tanzania,Eastern Sub-Saharan Africa,Sub-Saharan Africa,0.016 (0.01-0.096),0.034 (0.01-0.182),111% (-100–170071%),3.209 (0.381-6.037),19987% (22–3303653%)
Zambia,Eastern Sub-Saharan Africa,Sub-Saharan Africa,0.004 (0.01-0.031),0.008 (0.01-0.061),108% (-100–4064723%),0.842 (0.01-2.15),22128% (-86–34456713%)
Southern Sub-Saharan Africa,Southern Sub-Saharan Africa,Sub-Saharan Africa,0.471 (0.01-1.057),0.705 (0.01-1.56),50% (-74–752%),3.936 (1.306-6.566),736% (103–3340%)
Botswana,Southern Sub-Saharan Africa,Sub-Saharan Africa,0.025 (0.01-0.057),0.036 (0.01-0.079),43% (-74–703%),0.223 (0.129-0.317),782% (135–3205%)
Eswatini,Southern Sub-Saharan Africa,Sub-Saharan Africa,0.006 (0.01-0.017),0.011 (0.01-0.028),66% (-83–1516%),0.057 (0.002-0.112),781% (35–5650%)
Lesotho,Southern Sub-Saharan Africa,Sub-Saharan Africa,0.004 (0.01-0.018),0.006 (0.01-0.023),50% (-98–9084%),0.033 (0.01-0.102),686% (-83–35543%)
Namibia,Southern Sub-Saharan Africa,Sub-Saharan Africa,0.001 (0.01-0.005),0.001 (0.01-0.008),68% (-100–255372%),0.127 (0.004-0.25),15353% (-33–3582505%)
South Africa,Southern Sub-Saharan Africa,Sub-Saharan Africa,0.403 (0.01-0.98),0.591 (0.01-1.428),47% (-80–996%),3.179 (0.67-5.688),688% (54–3935%)
Zimbabwe,Southern Sub-Saharan Africa,Sub-Saharan Africa,0.031 (0.01-0.132),0.059 (0.01-0.227),94% (-98–15204%),0.317 (0.01-1.086),937% (-83–63989%)
Western Sub-Saharan Africa,Western Sub-Saharan Africa,Sub-Saharan Africa,0.109 (0.01-0.471),0.245 (0.01-1.138),125% (-98–30926%),24.33 (7.473-41.187),22220% (650–663815%)
Benin,Western Sub-Saharan Africa,Sub-Saharan Africa,0.003 (0.01-0.028),0.007 (0.01-0.057),120% (-100–19412588%),0.666 (0.01-1.724),22279% (-95–108286957%)
Burkina Faso,Western Sub-Saharan Africa,Sub-Saharan Africa,0.005 (0.01-0.043),0.012 (0.01-0.121),162% (-100–51712883%),1.312 (0.01-3.687),28276% (-94–128407764%)
Cabo Verde,Western Sub-Saharan Africa,Sub-Saharan Africa,0 (0.01-0.002),0 (0.01-0.003),32% (-100–570036%),0.043 (0.01-0.098),13842% (-76–8075037%)
Cameroon,Western Sub-Saharan Africa,Sub-Saharan Africa,0.009 (0.01-0.068),0.016 (0.01-0.142),76% (-100–4529151%),1.747 (0.01-4.405),19015% (-74–14274863%)
Chad,Western Sub-Saharan Africa,Sub-Saharan Africa,0.002 (0.01-0.022),0.008 (0.01-0.078),229% (-100–79776729%),0.87 (0.01-2.713),37146% (-94–220244872%)
Côte d'Ivoire,Western Sub-Saharan Africa,Sub-Saharan Africa,0.009 (0.01-0.062),0.019 (0.01-0.136),110% (-100–1120847%),1.858 (0.01-4.207),20666% (-50–8661263%)
Gambia,Western Sub-Saharan Africa,Sub-Saharan Africa,0.001 (0.01-0.007),0.001 (0.01-0.012),87% (-100–217540334%),0.129 (0.01-0.352),21407% (-99–575450391%)
Ghana,Western Sub-Saharan Africa,Sub-Saharan Africa,0.015 (0.01-0.099),0.025 (0.01-0.183),70% (-100–888627%),2.456 (0.01-5.521),16674% (-53–5968674%)
Guinea,Western Sub-Saharan Africa,Sub-Saharan Africa,0.003 (0.01-0.025),0.006 (0.01-0.056),110% (-100–21069537%),0.668 (0.01-1.843),23511% (-92–72450406%)
Guinea-Bissau,Western Sub-Saharan Africa,Sub-Saharan Africa,0 (0.01-0.004),0.001 (0.01-0.008),106% (-100–3453836794%),0.073 (0.01-0.213),22332% (-100–7083922923%)
Liberia,Western Sub-Saharan Africa,Sub-Saharan Africa,0.001 (0.01-0.007),0.002 (0.01-0.016),104% (-100–43980254%),0.199 (0.01-0.632),25350% (-95–119314991%)
Mali,Western Sub-Saharan Africa,Sub-Saharan Africa,0.005 (0.01-0.04),0.012 (0.01-0.115),160% (-100–34686880%),1.318 (0.01-3.872),29060% (-92–100393474%)
Mauritania,Western Sub-Saharan Africa,Sub-Saharan Africa,0.001 (0.01-0.011),0.003 (0.01-0.022),97% (-100–3545789%),0.271 (0.01-0.637),19678% (-79–18563345%)
Niger,Western Sub-Saharan Africa,Sub-Saharan Africa,0.002 (0.01-0.037),0.006 (0.01-0.073),204% (-100–603907003356%),0.67 (0.01-2.868),34411% (-100–3444007058581%)
Nigeria,Western Sub-Saharan Africa,Sub-Saharan Africa,0.046 (0.01-0.378),0.114 (0.01-0.95),148% (-100–7162847%),10.413 (0.01-25.775),22489% (-86–35525875%)
Sao Tome and Principe,Western Sub-Saharan Africa,Sub-Saharan Africa,0 (0.01-0),0 (0.01-0.001),54% (-100–3699369%),0.01 (0.01-0.025),15856% (-81–13352488%)
Senegal,Western Sub-Saharan Africa,Sub-Saharan Africa,0.004 (0.01-0.034),0.008 (0.01-0.058),97% (-100–3377553%),0.908 (0.01-2.303),22570% (-88–42633337%)
Sierra Leone,Western Sub-Saharan Africa,Sub-Saharan Africa,0.002 (0.01-0.026),0.004 (0.01-0.053),99% (-100–6739965947%),0.415 (0.01-1.215),20715% (-100–5198827576%)
Togo,Western Sub-Saharan Africa,Sub-Saharan Africa,0.001 (0.01-0.013),0.003 (0.01-0.03),86% (-100–48536778%),0.303 (0.01-0.864),20133% (-94–67802454%)
